date,em_avg_cpi,dm_avg_cpi,em_dm_gap,min_p_value,regime
2015-01-01,4.49,0.36,4.13,0.0046,ACTIVE
2015-02-01,4.13,0.4,3.73,0.0017,ACTIVE
2015-03-01,4.09,0.58,3.52,0.0074,ACTIVE
2015-04-01,3.96,0.4,3.56,0.0071,ACTIVE
2015-05-01,3.98,0.61,3.37,0.0103,ACTIVE
2015-06-01,4.15,0.46,3.69,0.0097,ACTIVE
2015-07-01,3.99,0.47,3.52,0.0149,ACTIVE
2015-08-01,3.9,0.39,3.51,0.0126,ACTIVE
2015-09-01,3.87,0.22,3.65,0.0021,ACTIVE
2015-10-01,4.07,0.41,3.66,0.01,ACTIVE
2015-11-01,4.19,0.27,3.92,0.0165,ACTIVE
2015-12-01,4.12,0.37,3.75,0.0137,ACTIVE
2016-01-01,4.22,0.51,3.71,0.0171,ACTIVE
2016-02-01,4.22,0.29,3.93,0.0089,ACTIVE
2016-03-01,4.01,0.34,3.67,0.0042,ACTIVE
2016-04-01,4.07,0.23,3.84,0.004,ACTIVE
2016-05-01,4.18,0.25,3.93,0.0064,ACTIVE
2016-06-01,4.06,0.41,3.65,0.0096,ACTIVE
2016-07-01,4.07,0.41,3.66,0.011,ACTIVE
2016-08-01,4.05,0.43,3.62,0.0299,ACTIVE
2016-09-01,3.83,0.69,3.14,0.0284,ACTIVE
2016-10-01,3.75,0.86,2.89,0.0313,ACTIVE
2016-11-01,3.59,1.04,2.55,0.023,ACTIVE
2016-12-01,3.51,1.31,2.2,0.0234,ACTIVE
2017-01-01,3.51,1.64,1.86,0.0187,ACTIVE
2017-02-01,3.59,1.78,1.81,0.0004,ACTIVE
2017-03-01,3.52,1.57,1.95,0.0,ACTIVE
2017-04-01,3.42,1.71,1.71,0.0006,ACTIVE
2017-05-01,3.27,1.43,1.84,0.0007,ACTIVE
2017-06-01,3.22,1.4,1.81,0.0014,ACTIVE
2017-07-01,3.22,1.44,1.78,0.0014,ACTIVE
2017-08-01,3.34,1.64,1.7,0.002,ACTIVE
2017-09-01,3.47,1.75,1.71,0.0027,ACTIVE
2017-10-01,3.45,1.54,1.92,0.0057,ACTIVE
2017-11-01,3.54,1.69,1.85,0.0046,ACTIVE
2017-12-01,3.64,1.72,1.92,0.0023,ACTIVE
2018-01-01,3.55,1.83,1.72,0.0068,ACTIVE
2018-02-01,3.39,1.73,1.66,0.005,ACTIVE
2018-03-01,3.22,1.84,1.38,0.0174,MARGINAL
2018-04-01,3.26,1.68,1.57,0.0092,ACTIVE
2018-05-01,3.2,2.12,1.08,0.0044,MARGINAL
2018-06-01,3.41,2.05,1.36,0.0049,MARGINAL
2018-07-01,3.82,2.18,1.64,0.0048,ACTIVE
2018-08-01,3.71,2.21,1.5,0.0025,MARGINAL
2018-09-01,3.78,2.07,1.71,0.0008,ACTIVE
2018-10-01,3.75,2.24,1.51,0.0015,ACTIVE
2018-11-01,3.68,1.91,1.77,0.0018,ACTIVE
2018-12-01,3.56,1.58,1.98,0.0013,ACTIVE
2019-01-01,3.67,1.32,2.34,0.0009,ACTIVE
2019-02-01,3.74,1.37,2.37,0.0005,ACTIVE
2019-03-01,3.98,1.38,2.61,0.0006,ACTIVE
2019-04-01,4.09,1.7,2.39,0.0003,ACTIVE
2019-05-01,4.14,1.36,2.79,0.0029,ACTIVE
2019-06-01,3.9,1.41,2.49,0.0018,ACTIVE
2019-07-01,3.49,1.36,2.12,0.0014,ACTIVE
2019-08-01,3.55,1.19,2.36,0.0042,ACTIVE
2019-09-01,3.48,1.11,2.36,0.0005,ACTIVE
2019-10-01,3.4,1.05,2.36,0.0006,ACTIVE
2019-11-01,3.56,1.3,2.26,0.0016,ACTIVE
2019-12-01,3.8,1.51,2.3,0.0032,ACTIVE
2020-01-01,3.58,1.7,1.88,0.006,ACTIVE
2020-02-01,3.47,1.59,1.88,0.0222,ACTIVE
2020-03-01,3.06,1.14,1.92,0.013,ACTIVE
2020-04-01,2.64,0.53,2.11,0.0116,ACTIVE
2020-05-01,2.43,0.37,2.06,0.0047,ACTIVE
2020-06-01,2.52,0.53,1.99,0.0024,ACTIVE
2020-07-01,2.66,0.64,2.02,0.0016,ACTIVE
2020-08-01,2.85,0.39,2.46,0.0017,ACTIVE
2020-09-01,2.96,0.31,2.66,0.0021,ACTIVE
2020-10-01,3.15,0.21,2.94,0.0029,ACTIVE
2020-11-01,2.97,0.05,2.92,0.0142,ACTIVE
2020-12-01,2.73,0.05,2.68,0.0174,ACTIVE
2021-01-01,2.67,0.8,1.87,0.0134,ACTIVE
2021-02-01,2.9,0.86,2.04,0.0127,ACTIVE
2021-03-01,3.23,1.34,1.89,0.0165,ACTIVE
2021-04-01,3.7,1.68,2.02,0.0077,ACTIVE
2021-05-01,3.99,2.13,1.86,0.0006,ACTIVE
2021-06-01,3.92,2.26,1.66,0.0001,ACTIVE
2021-07-01,3.94,2.29,1.65,0.0001,ACTIVE
2021-08-01,4.01,2.83,1.18,0.0006,MARGINAL
2021-09-01,4.03,3.12,0.91,0.0,MARGINAL
2021-10-01,4.12,3.65,0.47,0.0,MARGINAL
2021-11-01,4.33,4.23,0.1,0.0,MARGINAL
2021-12-01,4.37,4.24,0.13,0.0,MARGINAL
2022-01-01,4.47,4.24,0.23,0.0,MARGINAL
2022-02-01,4.41,4.82,-0.41,0.0,MARGINAL
2022-03-01,4.71,5.75,-1.04,0.0,MARGINAL
2022-04-01,4.98,6.09,-1.11,0.0,MARGINAL
2022-05-01,5.09,6.37,-1.28,0.0,MARGINAL
2022-06-01,5.12,6.69,-1.56,0.0,MARGINAL
2022-07-01,4.99,6.83,-1.84,0.0,MARGINAL
2022-08-01,4.9,6.73,-1.83,0.0001,MARGINAL
2022-09-01,4.83,7.16,-2.32,0.0001,MARGINAL
2022-10-01,4.6,7.57,-2.97,0.0002,MARGINAL
2022-11-01,4.34,7.38,-3.04,0.0004,MARGINAL
2022-12-01,4.26,6.82,-2.56,0.0002,MARGINAL
2023-01-01,4.5,6.7,-2.21,0.0002,MARGINAL
2023-02-01,4.54,6.76,-2.22,0.0001,MARGINAL
2023-03-01,4.4,6.11,-1.71,0.0002,MARGINAL
2023-04-01,4.29,5.88,-1.59,0.0002,MARGINAL
2023-05-01,4.16,5.32,-1.16,0.0,MARGINAL
2023-06-01,4.0,5.04,-1.04,0.0,MARGINAL
2023-07-01,4.21,4.84,-0.62,0.0,MARGINAL
2023-08-01,4.24,4.99,-0.75,0.0,MARGINAL
2023-09-01,4.11,4.52,-0.41,0.0,MARGINAL
2023-10-01,4.11,3.61,0.5,0.0,MARGINAL
2023-11-01,4.22,3.25,0.97,0.0,MARGINAL
2023-12-01,4.28,3.68,0.61,0.0005,MARGINAL
2024-01-01,4.21,3.28,0.93,0.0005,MARGINAL
2024-02-01,4.09,3.12,0.98,0.0011,MARGINAL
2024-03-01,3.79,2.98,0.82,0.0016,MARGINAL
2024-04-01,3.53,2.87,0.67,0.0015,MARGINAL
2024-05-01,3.49,2.91,0.59,0.0013,MARGINAL
2024-06-01,3.5,2.75,0.75,0.0012,MARGINAL
2024-07-01,3.37,2.86,0.51,0.0013,MARGINAL
2024-08-01,3.29,2.62,0.67,0.0017,MARGINAL
2024-09-01,3.44,2.22,1.23,0.0019,MARGINAL
2024-10-01,3.34,2.43,0.91,0.0007,MARGINAL
2024-11-01,3.3,2.6,0.7,0.0016,MARGINAL
2024-12-01,3.22,2.72,0.5,0.0006,MARGINAL
2025-01-01,3.06,2.84,0.23,0.0005,MARGINAL
2025-02-01,2.96,2.54,0.42,0.0021,MARGINAL
2025-03-01,3.18,2.34,0.84,0.0034,MARGINAL
2025-04-01,3.2,2.36,0.83,0.0029,MARGINAL
2025-05-01,3.28,2.33,0.95,0.0051,MARGINAL
2025-06-01,3.18,2.39,0.79,0.0049,MARGINAL
2025-07-01,3.08,2.34,0.74,0.0039,MARGINAL
2025-08-01,3.04,2.36,0.68,0.0017,MARGINAL
2025-09-01,3.08,2.48,0.6,0.003,MARGINAL
2025-10-01,3.12,2.33,0.79,0.0003,MARGINAL
2025-11-01,3.12,2.33,0.79,0.0001,MARGINAL
2025-12-01,3.06,2.1,0.96,0.0001,MARGINAL
2026-01-01,2.98,2.05,0.93,0.0,MARGINAL
2026-02-01,3.04,2.35,0.69,0.0,MARGINAL
2026-03-01,3.16,2.54,0.62,0.0,MARGINAL
